{"train_loss": [0.29572129249572754, 0.14229843020439148, 0.10670540481805801, 0.08620763570070267, 0.07418887317180634], "train_accuracy": [0.9138333201408386, 0.9574833512306213, 0.9681166410446167, 0.9731166958808899, 0.9769999980926514], "train_val_loss": [0.13867595791816711, 0.10150754451751709, 0.08736778795719147, 0.07740447670221329, 0.07796359807252884], "train_val_accuracy": [0.9585000276565552, 0.9674999713897705, 0.972100019454956, 0.9763000011444092, 0.9775999784469604], "loss": 0.07796359807252884, "accuracy": 0.9775999784469604, "dj_progress": "done"}